{"schemaVersion":"1.0","appDefinitionTemplate":{"id":"/providers/Microsoft.PowerApps/apps/","type":"Microsoft.PowerApps/apps","tags":{"primaryDeviceWidth":"1366","primaryDeviceHeight":"768","supportsPortrait":"true","supportsLandscape":"true","primaryFormFactor":"Tablet","showStatusBar":"false","publisherVersion":"3.25123.11","minimumRequiredApiVersion":"2.2.0","hasComponent":"false","hasUnlockedComponent":"false","isUnifiedRootApp":"false","sienaVersion":"20251228T074024Z-3.25123.11.0"},"properties":{"appVersion":"2025-12-28T07:40:24Z","lifeCycleId":"Published","createdByClientVersion":{"major":3,"minor":25123,"build":11,"revision":0,"majorRevision":0,"minorRevision":0},"minClientVersion":{"major":3,"minor":25123,"build":11,"revision":0,"majorRevision":0,"minorRevision":0},"backgroundColor":"RGBA(0,176,240,1)","backgroundImageUri":"/14856136168526413856/Nea8890e3-5c61-4beb-beed-4604e020dbb7-logoSmallFile","displayName":"Minesweeper","description":"","commitMessage":"","appUris":{"documentUri":{"value":"/14856136168526413856/Na915fbd4-8151-4c7e-a58c-24d22ab5c682-document.msapp"},"imageUris":[],"additionalUris":[{"isSolutionAware":false,"value":"/14856136168526413856/N0c6cfbcd-7c6d-4bad-8267-dd20402eae80-identity.json"}]},"createdTime":"0001-01-01T00:00:00Z","lastModifiedTime":"0001-01-01T00:00:00Z","sharedGroupsCount":0,"sharedUsersCount":0,"connectionReferences":{},"databaseReferences":{},"almMode":"Environment","performanceOptimizationEnabled":true,"canConsumeAppPass":true,"enableModernRuntimeMode":false,"executionRestrictions":{"isTeamsOnly":false,"dataLossPreventionEvaluationResult":{"status":"Compliant","lastEvaluationDate":"2025-12-24T12:14:46.1831115Z","violations":[],"violationsByPolicy":[],"violationErrorMessage":"The app uses the following connectors: ."}}},"isAppComponentLibrary":false,"appType":"ClassicCanvasApp","appComponents":[]}}